INSERT INTO public.base_settings VALUES ('BASE_ROLE_ID', '2');
INSERT INTO public.base_settings VALUES ('BASE_TEAM_ID', '15');
INSERT INTO public.permissions VALUES ('remove_role');
INSERT INTO public.permissions VALUES ('create_news');
INSERT INTO public.permissions VALUES ('add_reaction');
INSERT INTO public.permissions VALUES ('comment_reaction');
INSERT INTO public.permissions VALUES ('create_comment');
INSERT INTO public.permissions VALUES ('create_role');
INSERT INTO public.permissions VALUES ('delete_comment');
INSERT INTO public.permissions VALUES ('delete_news');
INSERT INTO public.permissions VALUES ('delete_role');
INSERT INTO public.permissions VALUES ('edit_news');
INSERT INTO public.permissions VALUES ('edit_role');
INSERT INTO public.permissions VALUES ('give_role');
INSERT INTO public.permissions VALUES ('upload_image');
INSERT INTO public.permissions VALUES ('view_deleted_news');
INSERT INTO public.permissions VALUES ('view_sheduled_news');
INSERT INTO public.permissions VALUES ('add_team_member');
INSERT INTO public.permissions VALUES ('edit_team_member');
INSERT INTO public.permissions VALUES ('delete_team_member');
INSERT INTO public.permissions VALUES ('create_event');
INSERT INTO public.permissions VALUES ('edit_event');
INSERT INTO public.permissions VALUES ('create_team');
INSERT INTO public.permissions VALUES ('delete_team');
INSERT INTO public.permissions VALUES ('edit_team');
INSERT INTO public.permissions VALUES ('management');
INSERT INTO public.permissions VALUES ('create_location');
INSERT INTO public.permissions VALUES ('edit_location');
INSERT INTO public.permissions VALUES ('delete_location');
INSERT INTO public.permissions VALUES ('create_store_item');
INSERT INTO public.permissions VALUES ('edit_store_item');
INSERT INTO public.permissions VALUES ('delete_store_item');
INSERT INTO public.roles VALUES (1, 'admin');
INSERT INTO public.roles VALUES (2, 'fan');
INSERT INTO public.roles VALUES (3, 'moderator');
INSERT INTO public.roles VALUES (4, 'journalist');
INSERT INTO public.roles_permissions VALUES (1, 'add_team_member');
INSERT INTO public.roles_permissions VALUES (1, 'edit_team_member');
INSERT INTO public.roles_permissions VALUES (1, 'delete_team_member');
INSERT INTO public.roles_permissions VALUES (1, 'create_event');
INSERT INTO public.roles_permissions VALUES (1, 'edit_event');
INSERT INTO public.roles_permissions VALUES (1, 'create_team');
INSERT INTO public.roles_permissions VALUES (1, 'delete_team');
INSERT INTO public.roles_permissions VALUES (1, 'edit_team');
INSERT INTO public.roles_permissions VALUES (1, 'management');
INSERT INTO public.roles_permissions VALUES (1, 'create_location');
INSERT INTO public.roles_permissions VALUES (1, 'edit_location');
INSERT INTO public.roles_permissions VALUES (1, 'delete_location');
INSERT INTO public.roles_permissions VALUES (1, 'create_store_item');
INSERT INTO public.roles_permissions VALUES (1, 'edit_store_item');
INSERT INTO public.roles_permissions VALUES (1, 'delete_store_item');
INSERT INTO public.roles_permissions VALUES (4, 'upload_image');
INSERT INTO public.roles_permissions VALUES (1, 'create_role');
INSERT INTO public.roles_permissions VALUES (1, 'delete_role');
INSERT INTO public.roles_permissions VALUES (1, 'edit_role');
INSERT INTO public.roles_permissions VALUES (4, 'create_news');
INSERT INTO public.roles_permissions VALUES (4, 'delete_news');
INSERT INTO public.roles_permissions VALUES (4, 'edit_news');
INSERT INTO public.roles_permissions VALUES (1, 'remove_role');
INSERT INTO public.roles_permissions VALUES (4, 'view_deleted_news');
INSERT INTO public.roles_permissions VALUES (4, 'view_sheduled_news');
INSERT INTO public.sizes VALUES ('S');
INSERT INTO public.sizes VALUES ('M');
INSERT INTO public.sizes VALUES ('L');
INSERT INTO public.sizes VALUES ('XL');
INSERT INTO public.sizes VALUES ('2XL');
INSERT INTO public.sizes VALUES ('3XL');
INSERT INTO public.store_categories VALUES ('футболка');
SELECT pg_catalog.setval('public.roles_id_seq', 30, true);